model,accuracy,precision,recall,f1,roc_auc
LogisticRegression,0.797,0.0,0.0,0.0,0.5138635647223888
RandomForest,0.797,0.0,0.0,0.0,0.5074471076883139
GradientBoosting,0.796,0.0,0.0,0.0,0.5108457825218955
